date,losses,player,wins
2000-03-17,167,Shin Jinseo,507
1996-08-06,263,Fan Tingyu,403
2000-06-13,117,Ding Hao,168
1995-02-01,216,Li Xuanhao,283
1996-01-08,250,Mi Yuting,434
1998-03-13,158,Gu Zihao,264
1997-08-02,207,Ke Jie,508
1998-10-19,240,Yang Dingxin,357
1993-01-11,320,Park Junghwan,794
1997-01-14,203,Byun Sangil,324
1994-06-17,229,Dang Yifei,238
2000-04-10,114,Li Weiqing,144
1994-04-08,244,Lian Xiao,382
1998-02-04,223,Lee Donghoon,329
1999-11-22,145,Xu Jiayang,212
1997-06-10,233,Ichiriki Ryo,478
2000-01-14,144,Xie Ke,192
1991-01-15,327,Tuo Jiaxi,504
1989-05-24,306,Iyama Yuta,687
1998-10-20,188,Li Qincheng,268
2000-12-20,144,Liao Yuanhe,177
1999-01-11,229,Shin Minjun,308
2001-04-30,116,Xu Haohong,298
1992-01-14,260,Peng Liyao,337
1989-06-13,352,Kim Jiseok,594
1985-07-15,318,Weon Seongjin,432
1997-01-15,188,Huang Yunsong,242
1991-10-17,291,Jiang Weijie,412
1999-06-04,170,Zhao Chenyu,194
1998-09-26,179,Xie Erhao,239
2004-02-02,50,Wang Xinghao,85
1997-04-07,134,Kim Myounghoon,168
1989-01-23,364,Kang Dongyun,523
1997-12-24,149,Hsu Chiayuan,287
1989-12-16,406,Chen Yaoye,595
1994-07-05,217,Tao Xinran,260
1992-09-30,134,Lee Jihyun (m),176
1991-01-11,336,Shi Yue,508
1997-01-28,116,Yang Kaiwen,131
1998-06-14,91,Park Geunho,88
1997-12-10,124,Fan Yin,144
1996-04-27,111,Lee Changseok,137
1993-03-10,313,Tan Xiao,386
1993-01-15,310,Tang Weixing,362
1996-04-26,225,Tong Mengcheng,262
1985-04-01,412,Park Yeonghun,632
1987-02-12,261,Meng Tailing,288
2003-10-17,67,Tu Xiaoyu,93
1991-03-23,178,Zhang Tao,164
1999-01-29,110,Seol Hyunjun,120
1988-12-24,200,Wang Haoyang,164
1999-11-09,163,Shibano Toramaru,280
1985-03-12,454,Choi Cheolhan,701
1998-02-14,104,Park Hamin,112
1995-06-19,177,Yu Zhengqi,297
1986-09-07,127,Park Jinsol,131
1997-05-11,120,Chen Xian,125
1994-11-11,111,Rong Yi,95
1994-05-19,28,Hong Mujin,30
1991-09-16,156,An Sungjoon,186
1997-02-07,145,Han Yizhou,124
2000-01-05,115,Chen Zijian,102
2000-05-29,95,Yi Lingtao,91
1996-11-27,113,Han Seungjoo,108
1987-08-23,278,Lee Yeongkyu,364
1996-10-07,198,Choi Jeong,414
1997-11-26,192,Lin Junyan,290
1993-09-12,147,Sun Tengyu,139
1990-01-18,169,Mao Ruilong,151
1987-08-07,212,Hong Seongji,217
2004-06-23,14,Jin Yucheng,18
1994-06-05,86,Park Minkyu,86
1996-03-14,222,Wang Yuanjun,351
1991-03-08,380,Zhou Ruiyang,536
2000-01-14,37,Park Jonghoon,52
1991-11-26,134,Kang Yootaek,160
1992-08-06,71,Cao Xiaoyang,56
1986-07-02,215,Heo Yongho,240
1994-10-30,122,Xia Chenkun,128
1994-11-29,133,Kang Seungmin,108
1990-07-31,218,Wu Guangya,212
1997-07-09,70,An Jungki,74
1997-04-10,79,Choi Jaeyoung,73
1992-05-08,125,Lee Wonyoung,114
1992-08-11,171,Kim Seongjae,150
2001-07-18,30,Liu Yuhang,29
2000-06-15,163,Chen Qirui,280
1999-02-08,113,Wang Zejin,103
1991-04-12,127,Kim Junghyun,127
1998-10-04,42,Sim Jaeik,26
1995-01-30,211,Na Hyun,255
2002-08-23,32,Huang Mingyu,25
1986-07-02,213,Paek Hongseok,249
2001-05-19,71,Park Sangjin,72
1994-03-15,180,Ida Atsushi,250
1996-03-01,9,Heo Youngrak,8
1996-11-27,72,Hu Yuhan,50
1987-11-20,242,Yun Junsang,267
2000-10-12,98,Jiang Qirun,71
1983-02-03,464,Gu Li,750
1976-10-26,398,Takao Shinji,606
1988-05-16,172,Han Sanghoon,154
2002-04-08,133,Lai Junfu,214
1996-01-26,63,Kim Jinhwi,59
1993-04-20,75,Guo Yuzheng,66
1998-01-01,73,Ma Yichao,39
1993-06-23,142,Cai Jing,131
1982-11-27,392,Cho Hanseung,490
1978-09-06,499,Yamashita Keigo,736
1989-07-21,120,Hong Kipyo,103
1998-04-27,39,Chen Yunong,24
1993-12-28,36,Wi Taewoong,39
1980-01-20,425,Cho U,729
1999-12-31,33,Li Chengsen,29
1990-05-02,130,Yun Chanhee,120
1989-01-31,244,Li Zhe,287
1984-12-10,293,Liu Xing,329
1994-12-20,208,Liao Xingwen,158
1995-08-20,21,Kim Changhoon,37
1997-11-23,187,Yu Zhiying,364
1999-09-07,62,He Yuhan,41
1995-11-08,26,Baek Chanhee,24
1977-11-23,315,Luo Xihe,321
1982-11-25,345,Kong Jie,530
1975-07-29,660,Lee Changho,1333
1995-12-24,90,Sada Atsushi,112
2000-03-14,79,Onishi Ryuhei,117
1988-03-02,116,Kim Hyeongwoo,95
1991-12-03,83,Qin Yuexin,55
1992-07-23,137,Ahn Kukhyun,130
1989-09-09,109,Jin Siyoung,102
1989-02-08,97,Kim Sedong,99
-,24,Baek Hyeonwoo,22
1984-03-27,169,Seto Taiki,228
1990-12-14,255,Murakawa Daisuke,289
2003-02-12,52,Moon Minjong,55
2002-06-05,17,Cheng Jiaye,12
1990-01-01,122,Lee Taehyun,93
1998-08-09,108,Ding Shixiong,58
1984-12-27,237,Niu Yutian,211
1989-05-30,78,Lee Wondo,78
1981-01-07,353,Kono Rin,551
1997-12-16,89,Li Xiangyu,56
2002-01-24,57,Shen Peiran,38
1993-09-07,203,Lin Lixiang,262
2004-01-05,39,Chen Haoxin,33
1988-09-05,47,Gan Siyang,53
1998-09-28,49,Song Gyusang,43
1988-06-11,36,Lee Hyunho,33
2006-02-19,7,Fu Jianheng,15
1993-01-05,18,Kang Jihoon,19
1991-09-21,85,Ryu Minhyung,73
1996-04-16,51,Park Jaekeun,47
1995-08-02,124,Motoki Katsuya,169
1988-10-05,275,Xiao Zhenghao,367
1979-06-02,37,Han Chongjin,33
1976-11-07,478,Chang Hao,628
1998-09-16,73,Chen Zhengxun,48
1998-02-23,98,Song Jihoon,89
-,2,Hua Chang,4
2002-07-01,95,Zhou Hongyu,155
1992-10-28,159,Zhou Hexi,152
2003-12-18,6,Wang Shuo (s),12
1976-08-14,464,Hane Naoki,571
1994-02-27,78,Hirata Tomoya,88
1996-02-21,94,Sun Zhe,122
2000-07-05,16,Chen Hanqi,15
1989-07-20,68,Guo Wenchao,62
1989-02-10,148,Park Seunghwa,105
1998-09-18,201,Fujisawa Rina,273
1987-03-30,112,Ko Keuntae,103
1996-08-22,71,Huang Xin,43
2001-08-29,24,Geum Jiwoo,27
1985-11-09,266,Peng Quan,278
1980-02-23,205,Zhou Junxun,226
1991-11-08,101,Fujita Akihiko,104
1996-03-24,17,Liu Zhaozhe,12
2001-08-09,40,Hirose Yuichi,53
1992-11-09,29,Park Kyuongkeun,23
1990-08-21,14,Kang Hun (s),12
1991-07-10,99,Yan Huan,79
1984-03-22,130,Rin Kanketsu,126
1985-08-19,131,Anzai Nobuaki,140
1992-12-31,13,Bai Baoxiang,20
1994-04-23,75,Chen Hao,61
1990-12-06,137,Shida Tatsuya,181
1998-06-11,156,Oh Yujin,268
2001-11-28,36,Seki Kotaro,54
1992-07-31,79,Min Sangyoun,66
-,3,Lee Jaesung,6
1999-05-01,109,Mutsuura Yuta,103
1981-08-24,196,Huang Yizhong,193
2000-05-17,16,Zhang Ziliang,9
1989-08-13,66,Kim Sonjin,62
2006-10-08,7,Hu Zihao,12
1990-05-11,91,Han Wonggyu,77
1983-01-26,227,Wang Yao,184
2000-10-12,49,Wang Shiyi,26
1982-01-18,359,Hu Yaoyu,416
1994-06-29,31,Guo Xinyi,17
1999-12-17,29,Kim Sangcheon,37
2001-02-13,16,Xue Guanhua,14
2000-09-05,132,Jian Jingting,189
1975-12-16,26,Kanazawa Hideo,31
1997-07-12,148,Lin Shixun,195
1989-01-01,54,Park Yeonglong,34
1996-08-08,10,Tang Jingxuan,8
1966-02-11,556,Yoda Norimoto,767
1991-04-15,83,Adachi Toshimasa,84
2001-05-08,16,Lyu Liyan,12
1988-11-14,10,Yoo Ohseong,12
1990-11-03,103,Suzuki Shinji,116
1988-09-18,36,Lee Sanghun,32
1981-08-02,27,Hu Yuqing,31
-,2,Yang Zhiwen,3
1988-01-18,57,Cui Can,35
1972-02-11,415,Yuki Satoshi,569
1979-09-25,266,An Joyeong,262
1991-09-21,71,Zhang Qiang,43
1997-11-19,2,Wang Ziang,4
1996-10-07,20,Zheng Xu,10
2006-09-10,7,Wang Chuxuan,10
2001-11-14,44,Otake Yu,45
1990-04-12,80,Wang Tao,64
2001-03-26,21,Cho Wankyu,14
1999-07-23,21,Liu Qifeng,8
1991-06-17,47,Choi Kyeongho,37
1977-06-22,187,Mizokami Tomochika,211
1992-08-31,21,Wang Chen,23
1999-04-26,94,Lu Minquan,142
1999-01-24,25,Li Yuang,12
2001-10-26,99,Ueno Asami,145
1984-08-28,64,Choi Wongyong,39
1999-09-28,18,Han Sangcho,10
2005-01-26,4,Han Zhuoran,5
1981-08-31,118,Tsuruyama Atsushi,107
1998-07-06,54,Koike Yoshihiro,61
2000-05-10,34,Park Jinyoung,27
2000-02-16,24,Shin Jaewon,20
1998-05-13,10,Kwak Wonkeun,11
2007-05-27,24,Kim Eunji,34
2001-12-23,26,Shi Yulai,12
2005-06-12,14,Han Woojin,17
1962-01-26,235,Cao Dayuan,219
1992-01-01,79,Lee Hobum,59
-,30,Zhou Zhenyu,25
1981-10-22,133,Cho Riyu,120
1998-07-23,11,Luo Yan,9
1994-11-22,32,Yokotsuka Riki,27
2001-10-22,25,Chen Yichun,14
1998-01-03,114,Yang Bowei,164
-,2,Ma Shuai,7
1985-10-28,283,Chen Shiyuan,389
1977-12-26,265,Wang Lei (b),319
2000-12-11,11,Zhao Zhongxuan,8
1953-03-10,562,Cho Hunhyun,971
1949-08-13,252,Awaji Shuzo,248
1966-04-25,434,Yoo Changhyuk,600
1979-01-24,148,Kim Sujun,194
2005-12-22,24,Fukuoka Kotaro,33
2002-08-26,40,Hyun Yoobin,35
1987-04-10,212,Ko Iso,204
1979-09-11,205,So Yokoku,196
1973-03-09,37,Wu Xinyu,19
1998-08-23,111,Li Wei,163
1997-01-11,6,Chen Bisen,6
1978-02-02,28,Kim Myeongwan,23
2001-03-29,107,Lu Yiquan,139
1998-08-08,75,Cho Seungah,106
1958-11-07,536,O Rissei,685
1983-10-01,68,Ohba Junya,44
1984-05-25,91,Ohashi Hirofumi,120
1997-12-02,4,Wang Xiru,2
2000-10-06,19,He Yang,13
2001-07-13,6,Hu Xiao,6
1977-11-23,141,Akiyama Jiro,171
1998-01-31,57,Yao Zhiteng,71
-,4,Tang Chongzhe,4
1994-12-23,21,Sotoyanagi Sebun,27
1996-11-17,64,Koyama Kuya,49
1988-11-14,53,You Byungyong,40
1967-04-16,395,Yu Bin,458
1986-08-10,37,Hong Seokui,52
1998-09-03,33,Chen Yusen,14
1992-07-07,19,Ma Tianfang,20
1972-09-09,366,Yamada Kimio,463
1995-01-05,17,Yang Wooseok,7
1995-04-08,60,Hwang Jaeyeon,35
1990-01-31,52,Pan Fei,25
1991-07-15,173,Wang Chenxing,249
2003-03-12,1,Park Sinyoung,3
1994-03-19,33,Lee Hyeonjun,26
1988-06-16,91,Lee Ishu,85
1989-03-27,75,Lee Chungyu,50
2001-03-27,34,Kang Woohyuk,27
1962-02-17,108,Jiang Zhujiu,96
1970-04-11,89,Ogaki Yusaku,64
2005-09-28,12,Zheng Zaixiang,6
2004-02-25,1,Konishi Yoshiakira,5
-,2,Zhang Baiqing,4
1990-09-19,46,Lee Hyungjin,33
2007-02-19,8,Ye Changxin,6
1996-01-26,77,Wu Baiyi,71
1992-01-01,184,Li He,237
1953-02-01,474,Seo Bongsoo,556
2004-02-18,40,Tang Jiawen,49
1970-04-18,322,Cho Sonjin,405
1999-01-16,43,Chang Rueijie,48
1995-05-14,73,Tsuruta Kazushi,45
2001-08-15,6,Yi Liao,10
1971-12-08,391,Ryu Shikun,455
2004-01-18,12,Lee Yeon,15
1978-06-10,85,Rin Shien,87
1999-09-27,45,Nishi Takenobu,54
1969-07-04,221,Mimura Tomoyasu,214
1988-04-02,33,Choi Kihoon,24
1958-08-12,399,Yamashiro Hiroshi,397
1975-05-12,181,Choi Myeonghun,130
1990-12-20,76,Terayama Rei,82
1981-11-19,77,Shuto Shun,82
2002-08-30,6,Yin Songtao,4
1996-05-28,20,Oomote Takuto,23
-,87,Xu Jingen,111
1961-11-22,485,O Meien,524
1977-06-15,18,Seo Musang,16
1977-10-07,117,Han Zenki,84
1992-02-11,3,Su Guangyue,4
1970-12-21,63,Kim Yeonghwan,50
1956-06-20,821,Cho Chikun,1256
2001-01-19,9,Pan Tingyu,5
1995-09-30,64,Chen Xi,95
1964-08-26,345,Ma Xiaochun,462
1996-02-14,67,Wang Yubo,64
-,2,Wang Bendong,1
1972-09-29,69,Duan Rong,32
1995-07-27,46,Onishi Kenya,46
2002-03-21,53,Fang Ruoxi,63
2001-09-18,7,Takei Taishin,11
1996-01-15,122,Kim Cheayoung,180
1968-08-14,108,Imamura Yoshiaki,63
1993-03-24,114,Oh Jeonga,130
1996-03-27,10,Xu Hanwen,5
1989-10-23,42,Horimoto Mitsunari,25
2002-12-06,6,Wang Zeyu,6
1998-04-11,5,Lu Junren,4
-,12,He Xin,7
2002-02-02,1,Chen Tuli,2
1980-09-08,100,Matsumoto Takehisa,105
2001-06-14,22,Tanaka Koyu,22
1995-05-16,86,Wang Shuang,101
1970-03-30,105,Nakaonoda Tomomi,88
1963-12-28,343,Rui Naiwei,504
2002-09-04,6,Kim Kyeonghwan,5
-,2,Liu Tanghao,1
2002-10-16,14,Watanabe Kandai,21
-,9,Zhang Yiming,5
2006-01-30,29,Wang Chunhui,13
1985-06-01,51,Ha Youngil,41
1980-11-14,144,Lin Zhihan,186
1993-07-29,8,Zhan Yidian,15
1977-05-18,112,Nakano Yasuhiro,66
1980-09-10,58,Fujii Shuya,42
1989-04-22,53,Kim Yoonyoung,53
-,4,Wu Junyi,5
2005-02-01,10,Li Zerui,4
-,8,Kurita Yoshiki,11
2004-11-14,14,Miura Taro,19
1983-04-24,77,Mochizuki Kenichi,66
1986-09-02,191,Kim Hyeoimin,158
1990-02-19,7,Wang Yuzi,4
-,1,Han Jinrui,2
2004-03-12,7,Li Haotong,4
2002-01-03,19,Kim Seongi,11
1962-03-17,318,Hikosaka Naoto,322
1958-08-03,361,Kataoka Satoshi,430
-,2,Zhang Xinyu,3
1992-11-02,56,Numadate Sakiya,39
1996-06-14,97,Gao Xing,108
-,3,Zhao Yan,1
1985-06-07,186,Cho Hyeyeon,245
-,2,Zeng Chudian,4
1952-08-17,320,Nie Weiping,358
1985-08-25,78,Mitani Tetsuya,87
2004-01-08,18,Kwon Hyojin (m),16
2001-04-02,101,Niu Shite,97
1997-12-02,7,Shibano Ryunosuke,10
2003-01-25,18,Huang Chunqi,6
1977-09-19,78,Lee Seongjae,42
1989-09-19,211,Lin Shuyang,216
2000-02-10,54,Zhao Yifei,47
1978-04-12,20,Zhang Yingting,10
1988-05-26,22,Jen Youngkyu,10
1969-06-03,166,Nakano Hironari,145
1993-12-03,80,Xu Yuqi,89
2001-11-06,12,Okawa Takuya,12
1984-07-11,111,Lee Minjin,107
2009-03-02,45,Nakamura Sumire,76
2003-12-13,3,Han Enyi,3
2005-07-20,3,Nishimura Jin,6
-,17,Xu Yidi,8
1998-03-14,78,Kim Dayoung,88
1997-02-14,57,Song Hyeryung,54
1990-04-17,12,Komatsu Daiki,9
1981-09-24,37,Ko Reibun,24
1989-11-16,233,Xie Yimin,287
1999-03-16,1,Li Zehao,1
1997-06-20,45,Watanabe Kouki,30
1942-12-07,42,Ishigure Ikuro,27
1991-07-22,31,Ito Masashi,24
2006-04-07,9,Li Xinchen,4
1983-09-23,148,Suzuki Ayumi,181
1998-03-04,32,Hara Masakazu,21
1999-01-10,33,Lin Xinwei,40
2001-08-29,5,Zhao Fei,3
1959-04-05,465,Kobayashi Satoru,587
1995-04-13,34,Fujimura Yosuke,25
1958-02-07,56,Kubo Katsuaki,33
1966-08-07,109,Yukawa Mitsuhisa,74
1996-12-14,10,Ma Guangzi,5
2001-07-04,5,Kondo Toshiki,4
1958-05-05,214,Seo Nungwuk,194
-,2,Lin Zijie,3
1997-01-02,2,Terada Shuta,4
1968-03-08,51,Matsuoka Hideki,30
1991-05-13,132,Park Jiyeon,135
2007-07-10,5,Kim Minseo,5
1996-07-17,48,Abe Yoshiki,23
1988-01-22,144,Tang Yi,154
1966-03-29,266,Imamura Toshiya,271
-,20,Sakai Yuki,21
1974-05-14,49,Kono Takashi,27
1996-05-15,49,Taniguchi Toru,36
1998-03-26,10,Nishioka Masao,7
2002-10-06,8,Zeng Yuanhai,5
1967-03-04,215,Komatsu Hideki,207
1952-09-10,637,Kobayashi Koichi,961
1991-05-14,32,Tsuneishi Takashi,26
-,4,Du Yang,1
-,13,Ryan Li,4
-,86,Pan Yang,66
-,1,Zhu Yanzhen,1
1974-08-14,115,Kato Atsushi,107
1961-11-27,179,Kiyonari Tetsuya,143
1996-05-07,5,Iida Junya,4
-,2,Lin Jiaxuan,1
2002-03-26,23,Tsuji Shigehito,16
1999-05-12,86,Nyu Eiko,80
1997-01-15,28,Zhao Guanru,22
1979-02-15,50,Takei Takashi,26
2001-09-18,88,Lin Yancheng,73
1988-09-12,86,Kim Eunseon,59
1994-06-26,13,Kim Nuri,5
1989-03-06,48,Muramatsu Hiroki,30
1996-03-24,27,Kan Minu,21
1963-05-06,173,Choi Kyubyeong,137
1971-05-23,35,Iguchi Toyohide,24
2005-02-04,2,Hino Shota,2
2001-08-27,15,Park Jungsoo,5
1990-08-25,71,Cai Bihan,70
1948-08-15,448,Ishida Yoshio,494
2006-12-23,4,Kim Hyoyoung,3
-,1,Wen Zhaojing,2
1970-04-29,112,Yo Kagen,82
1964-09-07,165,Ogata Masaki,128
1992-07-25,143,Song Ronghui,137
2002-05-30,61,Heo Seohyun,44
1973-08-21,47,Yata Naoki,28
1992-05-14,42,Obuchi Kotaro,33
1949-05-05,78,Kamimura Haruo,62
1984-03-29,40,Shiraishi Yuichi,31
2000-01-30,75,Chen Weiting,67
1952-03-30,182,Sonoda Yuichi,163
1981-02-15,23,Yamamori Tadanao,15
2001-03-19,11,Yun Minjung,5
-,1,Ko Miso,2
2004-06-26,4,Qu Ming,2
2006-02-13,2,Hoda Shota,3
1998-03-21,117,Cai Chengwei,105
1995-11-08,119,Chen Yiming,120
1981-08-23,12,Sun Yuan,4
2005-07-06,5,Park Jihyun,3
1973-04-10,94,Nakamura Shinya,66
1989-09-08,89,Uchida Shuhei,58
1988-11-27,126,Okuda Aya,101
1957-11-15,169,Kim Soojang,150
-,2,Wan Enze,1
1987-02-16,131,Cao Youyin,113
1980-09-20,30,Iwamaru Taira,13
2000-08-31,98,Huang Shiyuan,98
2003-11-22,2,Yoda Ozora,3
1941-10-20,141,Ishii Kunio,81
2003-04-07,24,Oh Byeongwoo,15
2002-10-07,30,Chu Keer,20
1980-02-25,22,Lee Hyeonwuk,10
1951-01-01,559,Takemiya Masaki,661
2004-07-14,3,Kim Yeongkwang,3
2004-08-17,6,Yang Yoojun,2
1973-03-23,168,Kim Seungjun,127
1968-06-22,122,Zhang Xuan,128
-,1,Xiao Yuyang,2
-,62,Chen Shoulian,65
-,1,Hirano Kaito,2
1988-07-29,136,Lu Jia,123
2005-09-06,21,Li Xiaoxi (s),16
2006-11-22,54,Wu Yiming,32
-,5,Chen Yanru,5
1993-01-24,21,Otani Naoki,13
-,2,Qiu Yuran,2
1989-09-18,12,Hoshikawa Koyo,7
2000-07-29,16,Imabun Taro,10
1993-04-01,12,Chen Yang,4
1969-05-01,105,Yokota Shigeaki,78
1994-05-26,154,Hei Jiajia,144
1968-05-24,182,Aoki Kikuyo,199
-,3,Wang Yucheng,1
1992-04-19,47,Kim Hyelim,24
1992-10-01,5,Jeong Dooho,2
1970-10-18,104,Morita Michihiro,84
2003-05-15,13,Lee Euihyun,4
1979-08-06,76,Yamada Takuji,46
1999-03-02,2,Yang Wenkai,1
1976-11-09,17,Kurotaki Masaki,11
1978-11-21,32,Shimojima Yohei,19
1980-11-15,20,Yamamoto Kentaro,14
1990-04-08,70,Lee Youngjoo,48
1978-03-31,57,Furuya Yutaka,42
1993-03-20,2,Li Yuanqi,1
1991-01-20,17,Tanaka Nobuyuki,9
1974-12-10,50,Kim Yeongsam,23
2010-02-04,3,Chen Jiarui,2
1994-03-01,62,Li Xiaoxi (b),58
1998-01-19,49,Liu Huiling,34
1985-07-30,47,Kim Daeyoung,22
1995-02-10,6,Zheng Yuhang,2
1986-04-07,81,Zhang Zhehao,75
1997-10-16,54,Lu Yuhua,50
2005-01-15,4,Jo Bunen,4
1966-10-20,110,Goto Shungo,48
1994-04-07,84,Zhang Zihan,75
1991-03-24,106,Kim Miri,71
2007-06-04,6,Omote Yuto,4
1991-03-09,37,Tajiri Yuto,24
2000-06-21,32,Li Xinyi,20
2004-01-18,2,Zhang Xinyue,3
-,8,Cui Ning,10
-,2,Chen Yizhe,1
2001-05-27,11,Chotoku Tetsushi,6
1960-03-20,251,Liu Xiaoguang,272
1999-05-05,2,Wang Meicheng,2
1999-04-10,22,Kuwabara Shun,15
2006-07-28,4,Mito Shuhei,4
1983-11-04,183,Park Shiun,189
2006-03-22,3,Lee Suljoo,2
2003-06-04,8,Moon Jihwan,3
1972-12-07,92,Kurahashi Masayuki,75
1983-06-11,34,Ando Kazushige,27
-,4,Ma Jingyuan,1
1990-05-07,48,Ilya Shikshin,25
-,3,Ding Kewen,2
1966-03-22,106,Oya Koichi,70
1991-12-04,63,Chen Feng,58
2002-01-31,48,Yin Qu,39
1987-04-11,58,Fan Weijing,44
1989-11-07,94,Wang Xiangyun,74
1982-03-27,44,Kwon Hyojin,28
-,125,Yang Zixuan,126
1977-08-16,13,Araki Issei,5
-,11,Chang Fukang,4
1991-11-03,23,Inaba Takahiro,13
1972-11-19,58,Nakane Naoyuki,26
1993-05-11,7,Chen Naishen,3
2005-02-19,4,Takeshita Ryoya,3
2001-02-03,12,Aoki Hirotaka,9
1995-04-10,70,Lin Jiehan,59
1987-12-24,161,Mukai Chiaki,143
1942-05-12,574,Otake Hideo,687
1998-07-11,17,Kou Zhengyan,4
1982-07-07,66,Liu Yaowen,53
1975-02-22,36,Kubo Hideo,19
1997-04-16,43,Hoshiai Shiho,29
1987-06-10,29,Hatanaka Hoshinobu,14
1997-01-05,26,Takashima Yugo,15
1978-11-23,15,Shiung Feng,12
2002-08-12,3,Rafif Shidqi Fitrah,3
1991-02-02,27,Kazama Jun,14
1969-09-08,28,Kitano Ryo,18
1995-10-18,30,Jia Ganglu,23
1989-07-13,22,Sato Yuta,13
1997-11-08,12,Muramoto Wataru,5
1960-10-16,61,Kim Chongsu,53
1974-01-14,44,Kono Mitsuki,30
2006-10-19,2,Xiao Zebin,1
2002-08-16,2,Yu Suhao,1
1956-04-28,120,Kim Ilhwan,86
1963-05-25,123,Michael Redmond,69
1973-02-08,17,Mizuma Toshifumi,5
2000-12-12,41,Zeng Pinjie,35
1993-12-21,9,Torii Yuta,3
-,6,Lai Youcheng,3
2001-02-24,11,Ryu Joohyun,8
2003-08-12,3,Zhang Mingkang,1
1989-04-08,22,Kunisawa Hiroto,8
1971-12-21,21,Yanaka Katsunori,11
1940-08-02,295,Kudo Norio,239
2004-07-06,2,Oh Seungmin,1
1967-05-03,30,Nishimura Keiji,16
-,3,Zhu Feihong,2
1951-01-15,51,Jimmy Cha,50
2003-02-02,3,Mishima Hibiki,4
-,3,Cao Zhenyu,1
2000-09-10,16,Yahata Naoki,6
1999-07-31,23,Watanabe Yuu,11
1973-11-25,38,Tajima Shingo,14
2006-06-24,20,Ueno Risa,18
1999-11-29,40,Zhuang Chengjun,30
1983-07-14,26,Yamada Shinji,19
-,1,Ding Yichen,1
2002-06-21,2,Chen Chen,1
1988-06-08,9,Pan Wenjun,4
1997-06-10,4,Chen Xuan,1
1971-05-14,49,Takanashi Seiken,27
-,2,Gao Ruohuan,1
1996-12-27,27,Utsumi Koki,10
1992-03-08,60,Lin Xiuping,59
1994-02-25,61,Park Taehee,50
2001-05-10,8,Takao Mari,5
2002-02-02,5,Cai Wenxin,2
-,2,Shigekawa Keigo,1
1976-01-16,42,Suzuki Yoshimichi,25
2007-05-11,11,Yan Ximo,7
2006-02-18,32,Jeong Yujin,17
1972-10-02,45,Arimura Hiroshi,31
2001-04-09,19,Gu Wanshan,9
2006-02-02,26,Li Sixuan,10
2004-06-12,14,Xu Jingqi,6
1987-05-18,48,Kim Soojin,24
1991-05-31,68,Kang Dajeong,43
1961-11-08,62,An Kwanwuk,63
1966-09-22,44,Okada Shinichiro,14
1996-08-06,9,Shintani Yousuke,4
1993-09-26,12,Ito Kenryo,4
-,4,Li Ying (b),3
1954-08-23,78,Chin Kaei,42
1969-06-24,78,Ishida Atsushi,24
1956-07-27,58,Kim Kihun,44
-,2,Shimizu Takuya,1
1969-11-26,3,Fujiwara Katsuya,1
1977-06-20,119,Kobayashi Izumi,138
1984-09-10,78,Lin Yuxiang,66
1996-12-31,65,Lin Shimin,53
1944-06-25,191,Hane Yasumasa,182
1979-02-04,10,Qiu Danyun,4
2004-06-01,5,Zhangluo Zixin,1
1972-12-12,28,Kato Yuuki,14
1988-03-18,38,Yanagisawa Satoshi,13
1963-01-03,43,Park Seungmun,43
2005-07-31,2,Kumaki Teruya,1
1998-10-08,44,Kang Jisoo,24
1957-08-04,35,Sonoda Yasutaka,14
1957-12-09,153,Kang Hun,111
-,2,Fujisawa Rihide,1
1964-08-12,24,Fujisawa Kazunari,12
1968-07-08,53,Sakai Maki,20
1989-07-19,13,Ota Ryou,6
2003-04-16,41,Kim Kyeongeun,20
1949-11-29,145,Miyazawa Goro,104
1998-08-26,2,Takayama Befumi,2
1970-01-03,79,Koyama Terumi,66
1995-03-09,3,Li Wanpeng,1
1975-07-23,29,Kurotaki Masanori,16
2001-09-23,9,Kim Jena,3
1957-01-10,87,Kim Dongyeop,67
2001-09-13,25,Kato Chie,16
1973-10-04,31,Yoshihara Yukari,30
1966-11-23,21,Hiroe Hiroyuki,10
2000-04-28,7,Sakai Kentaro,3
1997-09-08,60,Kwon Juri,26
1997-08-03,6,Nakano Shoya,1
-,2,Kuwabara Ki,1
2001-08-27,6,Yuan Jie,3
1970-05-08,23,Takano Hideki,18
1963-01-20,33,Muramatsu Ryuichi,16
1961-12-30,77,Kanda Ei,41
1971-04-17,35,Yo Kaei,22
1969-01-19,94,Kato Tomoko,95
-,2,Miyatani Fuga,1
1968-04-14,41,Omori Yasushi,14
1989-01-30,99,Zhou Yinnan,63
1982-12-24,100,Zhou Pingqiang,74
-,4,Stanislaw Frejlak,2
1993-08-01,58,Lee Yujin,35
1948-01-02,94,Sakai Takeshi,61
-,1,Lin Yiting,1
2004-08-20,20,Ding Mingjun,7
-,3,Hang Xiaotong,2
1981-07-31,20,Mimura Kaori,15
-,60,Zhang Jiahuan,39
2004-04-20,4,Honda Mariko,3
2002-07-25,15,Fujii Koki,8
1992-07-09,17,Nishiyama Shizuka,17
2001-03-04,12,Kim Jimyeong,1
1965-06-09,54,Aoki Shinichi,23
1997-01-09,10,Iwata Saeka,7
2004-07-15,14,Zhang Mengyao,5
1969-09-23,35,Izumitani Hideo,14
1971-02-12,143,Yoshida Mika,139
1964-03-21,30,So Kofuku,13
2001-08-07,11,Sakai Takashi,3
1960-09-12,62,Park Yeongchan,49
1994-10-19,15,Lin Ziyuan,13
2001-08-11,4,Ikemoto Ryota,1
2004-11-01,27,Lin Hanzhang,12
1999-10-16,20,Moro Arisa,12
-,1,Yu Xiaodan,1
-,4,Shi Zhien,2
1995-04-08,42,Zhan Ying,15
1992-11-10,20,Lin Shengyi,13
1970-07-05,8,Kawai Shoji,5
1956-02-10,121,Paek Seongho,91
1952-11-13,94,Oh Kyuchul,66
2005-10-02,5,Tanaka Yuki,3
2002-09-15,16,Kim Nokyeong,6
2004-09-21,17,Park Soyul,7
1998-01-11,10,Huang Daolong,6
2001-06-05,32,Lee Dohyun,14
1955-11-18,30,Kim Chuljung,27
2003-04-23,6,Yokota Hinano,5
1988-01-06,11,Mine Yasuhiro,7
-,10,Lukas Podpera,3
1990-05-07,16,Kikkawa Hajime,4
-,52,Huang Wei,30
1976-07-31,109,Yashiro Kumiko,81
1974-08-06,30,Mitsunaga Junzo,13
2005-03-27,27,Sun Weixun,19
1998-10-25,9,Wang Siyin,3
2003-06-03,6,Seon Seungmin,1
1943-02-18,36,Ishii Shinzo,15
1999-04-29,138,Yu Lijun,72
1993-11-14,57,Gao Yun,33
2008-06-11,13,Xu Haizhe,4
2004-10-20,5,Mao Yanxin,3
-,12,Yin Mingming,3
1972-06-16,28,Miyazaki Ryutaro,9
1997-02-04,40,Chang Hyeryeong,10
-,41,Yang Zi,15
1985-04-24,58,Yang Mengyun,34
1989-02-10,13,Inoue Naoki,4
1957-09-08,82,Jeong Daesang,44
1989-06-28,4,Antti Tormanen,1
1948-04-06,5,Yamazaki Yoshihiro,2
2001-04-12,103,Bai Xinhui,50
2002-09-22,18,Kim Sangin,6
-,3,Liu Yanchang,1
1974-06-14,39,Kuwabara Yoko,27
1975-02-04,13,Kim Pyonmin,8
-,5,Jia Xinyi,1
2003-02-10,15,Mori Chisaki,8
1999-06-02,64,Chen Shaoquan,35
-,7,Qian Liuru,1
1986-07-09,26,Osawa Kenro,5
1994-12-09,72,Huang Yancheng,38
1970-12-25,40,Aragaki Shun,12
1985-10-27,30,Lee Tahye,16
2003-04-30,36,Shi Jingyao,22
2007-03-06,7,Choi Minseo,1
1959-12-11,64,Hasegawa Sunao,29
1966-10-02,54,Feng Yun,48
1972-10-28,73,Konishi Kazuko,61
1974-06-22,85,Huang Xiangren,55
1997-05-05,13,Jeong Yeonwoo,3
1971-11-25,56,Tsukuda Akiko,41
1999-02-15,11,Toyoda Hirohito,2
1978-06-12,103,Kato Keiko,93
1983-11-23,80,Chen Yida,50
1971-10-19,66,Nakazawa Ayako,68
1974-07-28,149,Chinen Kaori,161
1974-02-27,7,Sakakibara Masateru,2
2006-04-20,4,Li Hanlin,1
1946-09-02,23,Wang Runan,6
1971-08-05,27,Endo Yoshifumi,11
1982-08-02,6,Tatsumi Akane,3
1974-08-05,63,Ye Gui,46
2000-11-10,29,Huang Ziping,7
-,44,Huang Xiupu,19
2001-12-13,3,Goto Mana,1
1977-09-27,11,Katsura Atsushi,3
2007-10-28,12,Yue Jiayan,3
1956-10-24,65,Kim Dongmyeon,35
1983-03-03,13,Hoshikawa Takumi,2
1961-07-12,13,Shimoji Gensho,5
1959-04-08,84,Cho Daehyeon,37
1991-10-24,40,Peng Zunde,16
1995-08-11,33,Kibe Natsuki,14
2006-03-24,7,Cho Kosumi,4
1980-04-02,8,Son Hideyo,2
1976-05-22,73,Osawa Narumi,42
1961-08-07,13,Hagiya Kazuhiro,8
1970-04-05,25,Nakao Jungo,7
1952-05-22,58,Hwang Weonjun,28
-,11,Dong Tianyi,1
1986-07-09,61,Wang Jingyi,35
1952-11-11,57,Kim Jongjoon,30
2004-01-20,15,Osuka Seira,9
1963-03-19,11,Takabayashi Masahiro,4
1983-06-16,61,Mannami Kana,44
1978-07-27,10,Yun Youngmin,2
1977-04-29,24,Takemiya Youkou,5
1990-09-04,69,Ding Shaojie,29
1980-07-04,123,Zhang Kaixin,61
1987-01-21,19,Oda Teppei,4
1965-08-11,18,Oki Keiji,5
1994-04-02,5,Sun Guanqun,1
2002-02-19,22,Liu Chuanting,11
2003-10-29,21,Zhang Tingwei,9
-,4,Wei Xintong,1
1952-09-17,189,Chang Suyeong,135
1977-04-06,15,O Yuinin,5
1983-11-07,63,Chen Yixiang,31
-,35,Yu Chengrui,20
1999-01-28,13,Cha Joohye,2
1973-07-09,23,Sugimoto Akira,8
1967-07-19,77,Zhou Keping,52
1989-07-26,17,Seki Tatsuya,3
2000-09-13,43,Wang Zhihong,14
1963-11-11,17,Konagai Masaru,3
1950-02-23,11,Lee Kisup,5
1999-03-17,16,Inaba Karin,8
1965-09-13,8,Sano Takatsugu,1
1979-11-26,27,Tamura Chiaki,15
2000-10-07,16,Kim Minjeong,2
1978-10-31,72,Izawa Akino,43
2002-06-23,12,Hane Ayaka,5
1995-01-28,16,Hashimoto Kan,3
2010-08-05,5,Xiao Ruishan,1
1982-09-26,13,Tang Ying,4
1957-02-12,48,Na Jonghoon,19
1942-05-06,725,Rin Kaiho,832
1981-10-05,59,Zhang Zhengping,24
1984-10-03,20,Nagashima Kozue,7
1974-07-27,16,Tahara Yasufumi,5
1970-06-22,81,Okada Yumiko,54
1990-06-03,5,Wang Xiangru,1
1993-02-11,25,Zhao Peizhe,9
1975-09-24,8,Yang Shuang,3
1937-07-04,72,Chino Tadahiko,22
2006-10-26,16,Chen Manqi,1
1970-05-19,58,Sakakibara Fumiko,34
-,17,Wang Pan,3
1969-10-20,23,Hosaka Mayu,6
1978-10-18,25,Nakajima Mieko,8
1974-11-17,56,Liu Jianchang,17
1966-12-03,19,Koyama Ryugo,8
2000-06-12,15,Tsuji Hana,2
1949-01-09,18,Yamamoto Masato,4
1970-05-01,15,Tsurumaru Keiichi,2
1996-08-05,106,Su Shengfang,38
1967-10-28,11,Kanno Masashi,1
1963-06-27,57,Tei Meiko,23
1959-05-30,50,Kang Manwoo,13
1987-09-20,19,Natalia Kovaleva,5
2003-07-18,9,Suzukawa Natsumi,1
1964-11-06,26,Kanno Naomi,14
1977-08-13,16,Sakamoto Yasuo,2
2002-08-14,18,Omori Ran,3
2006-05-17,11,You Haoyu,2
1949-04-02,35,Hua Yigang,23
1958-06-02,49,Dai Jiashen,32
1927-03-06,108,Sugiuchi Kazuko,87
1960-03-13,71,Peng Jinghua,35
1954-06-22,45,Ishikura Noboru,18
1954-09-28,69,Kobayashi Chizu,58
1954-10-08,13,Kim Joonyeong,3
1959-06-14,67,Lin Shengxian,32
1987-07-07,36,Shimosaka Miori,8
1979-01-16,26,Kim Hyunjong,5
1965-04-05,39,Mito Yukari,15
1989-04-16,68,Dang Xiyun,18
1993-03-19,15,Taguchi Misei,3
-,9,Wang Hui (f),2
1953-06-04,48,Chen Yongan,10
2004-04-05,8,Tsukada Chiharu,1
1964-12-15,24,Kin En,7
1993-11-09,13,Dong Youtang,1
1962-04-26,37,Komatsu Hideko,13
-,67,Lin Yuting,8
1987-10-23,47,Li Kuihan,8
1945-08-03,40,Chen Guoxing,6
-,32,Cai Wenhe,6
1950-06-29,15,Yoo Byungho,2
1956-10-27,50,Yang Zhide,20
1947-03-12,9,Chun Poongjo,2
2005-06-07,21,Shu Jingwen,2
1971-03-13,12,Tafu Kae,1
1991-01-20,18,Deguchi Mariko,1
1955-01-04,30,Han Cheolkyun,1
1998-05-08,51,Liu Yifang,9
